unit_price,order_value,quantity,country,major_category,minor_category,description,year,month,quarter,hour,day_time
0.85,10.2,12,United Kingdom,Clothes,Tops,PACK OF 20 NAPKINS PANTRY DESIGN,2011,7,Q3,9,Morning
2.95,35.4,12,United Kingdom,Clothes,Shoes,NATURAL SLATE HEART CHALKBOARD,2011,11,Q4,9,Morning
1.25,20.0,16,United Kingdom,Kitchen,Cutlery,36 PENCILS TUBE SKULLS,2011,4,Q2,10,Morning
7.46,7.46,1,United Kingdom,Garden,Turf,SET 6 SCHOOL MILK BOTTLES IN CRATE,2011,10,Q4,13,Afternoon
2.51,2.51,1,United Kingdom,Garden,Hoses,FINE WICKER HEART,2010,12,Q4,14,Afternoon
3.95,3.95,1,United Kingdom,Garden,Hoses,SEWING BOX RETROSPOT DESIGN,2011,6,Q2,12,Morning
2.1,12.6,6,United Kingdom,Clothes,Hats,3 TRADITIONAl BISCUIT CUTTERS  SET,2011,9,Q3,13,Afternoon
4.95,29.7,6,United Kingdom,Clothes,Tops,BULL DOG BOTTLE OPENER,2011,12,Q4,12,Morning
2.46,44.28,18,United Kingdom,Household,Curtains,STRAWBERRY CHARLOTTE BAG,2011,9,Q3,12,Morning
1.69,3.38,2,United Kingdom,Household,Lamps,FAIRY SOAP SOAP HOLDER,2011,1,Q1,14,Afternoon
0.39,1.56,4,United Kingdom,Kitchen,Cooking Knives,PACK OF 12 VINTAGE DOILY TISSUES,2011,9,Q3,14,Afternoon
0.55,0.55,1,United Kingdom,Household,Lamps,PACK OF 60 DINOSAUR CAKE CASES,2011,4,Q2,14,Afternoon
1.25,30.0,24,United Kingdom,Household,Chairs,ICE CREAM PEN LIP GLOSS,2011,12,Q4,10,Morning
1.65,16.5,10,United Kingdom,Clothes,Shoes,LUNCH BAG CARS BLUE,2011,8,Q3,8,Morning
1.65,1.65,1,United Kingdom,Kitchen,Coasters,6 RIBBONS RUSTIC CHARM,2011,7,Q3,13,Afternoon
4.25,4.25,1,United Kingdom,Clothes,Tops,ROSE 3 WICK MORRIS BOX CANDLE,2010,6,Q2,12,Morning
2.1,25.2,12,United Kingdom,Kitchen,Scales,HAND WARMER SCOTTY DOG DESIGN,2011,8,Q3,15,Afternoon
4.25,25.5,6,United Kingdom,Household,Rugs,JAM MAKING SET WITH JARS,2011,5,Q2,10,Morning
1.28,1.28,1,United Kingdom,Clothes,Shoes,12 PENCILS SMALL TUBE RED RETROSPOT,2010,12,Q4,16,Afternoon
2.95,2.95,1,United Kingdom,Household,Rugs,PAPER CHAIN KIT 50'S CHRISTMAS,2010,5,Q2,11,Morning
1.45,34.8,24,United Kingdom,Clothes,Hats,LAUNDRY 15C METAL SIGN,2011,10,Q4,15,Afternoon
3.29,3.29,1,United Kingdom,Clothes,Shoes,PANTRY MAGNETIC  SHOPPING LIST,2011,8,Q3,10,Morning
2.46,2.46,1,United Kingdom,Household,Chairs,SUMMER BUTTERFLIES BAG CHARM,2011,1,Q1,17,Afternoon
4.95,9.9,2,United Kingdom,Household,Curtains,SPOTTY BUNTING,2011,5,Q2,12,Morning
1.25,15.0,12,United Kingdom,Kitchen,Cooking Knives,PINK BLUE FELT CRAFT TRINKET BOX,2011,4,Q2,12,Morning
2.55,10.2,4,United Kingdom,Clothes,Shoes,QUEENS GUARD COFFEE MUG,2011,10,Q4,12,Morning
0.83,0.83,1,United Kingdom,Kitchen,Cutlery,TRAVEL CARD WALLET SUKI,2011,4,Q2,13,Afternoon
7.95,7.95,1,United Kingdom,Clothes,Hats,DOORMAT RED RETROSPOT,2011,7,Q3,14,Afternoon
2.1,12.6,6,United Kingdom,Kitchen,Plates,3 PIECE SPACEBOY COOKIE CUTTER SET,2011,8,Q3,9,Morning
0.21,6.3,30,United Kingdom,Household,Chairs,SLEEPING CAT ERASERS,2011,11,Q4,11,Morning
2.95,2.95,1,United Kingdom,Kitchen,Plates,SET 12 LAVENDER  BOTANICAL T-LIGHTS,2011,7,Q3,12,Morning
1.65,19.8,12,United Kingdom,Clothes,Hats,PLASTERS IN TIN VINTAGE PAISLEY,2011,6,Q2,14,Afternoon
3.29,3.29,1,United Kingdom,Garden,Seeds,HOMEMADE JAM SCENTED CANDLES,2011,4,Q2,17,Afternoon
1.63,9.78,6,United Kingdom,Household,Curtains,SCOTTIES CHILDRENS APRON,2011,1,Q1,15,Afternoon
1.25,25.0,20,United Kingdom,Clothes,Hats,3D TRADITIONAL CHRISTMAS STICKERS,2010,2,Q1,14,Afternoon
2.95,2.95,1,United Kingdom,Kitchen,Cutlery,PAPER CHAIN KIT 50'S CHRISTMAS,2011,7,Q3,14,Afternoon
7.95,15.9,2,United Kingdom,Garden,Turf,DOORMAT NEW ENGLAND,2011,5,Q2,12,Morning
1.65,19.8,12,United Kingdom,Garden,Hoses,CLOTHES PEGS RETROSPOT PACK 24,2011,6,Q2,11,Morning
4.25,4.25,1,United Kingdom,Kitchen,Coasters,AIRLINE BAG VINTAGE TOKYO 78,2011,8,Q3,15,Afternoon
0.29,6.96,24,United Kingdom,Garden,Hoses,JASMINE VOTIVE CANDLE,2011,1,Q1,11,Morning
7.95,15.9,2,United Kingdom,Clothes,Tops,ROUND CAKE TIN VINTAGE RED,2011,6,Q2,11,Morning
8.29,8.29,1,United Kingdom,Garden,Turf,SET OF 6 SPICE TINS PANTRY DESIGN,2011,1,Q1,18,Afternoon
1.25,15.0,12,United Kingdom,Household,Curtains,SET OF SALT AND PEPPER TOADSTOOLS,2011,4,Q2,12,Morning
2.08,20.8,10,United Kingdom,Household,Curtains,JUMBO BAG VINTAGE LEAF,2011,5,Q2,14,Afternoon
0.83,0.83,1,United Kingdom,Kitchen,Coasters,"LETTER ""M"" BLING KEY RING",2011,9,Q3,16,Afternoon
1.65,9.9,6,United Kingdom,Kitchen,Cutlery,PLASTERS IN TIN WOODLAND ANIMALS,2011,10,Q4,14,Afternoon
1.45,2.9,2,United Kingdom,Household,Lamps,SET OF 36 PAISLEY FLOWER DOILIES,2011,10,Q4,14,Afternoon
2.95,11.8,4,United Kingdom,Household,Lamps,PAPER BUNTING COLOURED LACE,2011,1,Q1,13,Afternoon
0.55,13.2,24,United Kingdom,Garden,Rakes,PACK OF 60 PINK PAISLEY CAKE CASES,2011,3,Q1,8,Morning
2.95,17.7,6,United Kingdom,Household,Chairs,NATURAL SLATE HEART CHALKBOARD,2011,7,Q3,13,Afternoon
5.91,23.64,4,United Kingdom,Kitchen,Plates,OFFICE MUG WARMER BLACK+SILVER,2010,12,Q4,14,Afternoon
4.13,4.13,1,United Kingdom,Kitchen,Cutlery,NUMBER TILE COTTAGE GARDEN 1,2011,1,Q1,17,Afternoon
7.46,7.46,1,United Kingdom,Garden,Rakes,FOOD COVER WITH BEADS SET 2,2011,9,Q3,10,Morning
3.95,3.95,1,United Kingdom,Garden,Rakes,GLASS APOTHECARY BOTTLE ELIXIR,2011,9,Q3,11,Morning
2.95,70.8,24,United Kingdom,Clothes,Hats,PAPER CHAIN KIT EMPIRE,2011,7,Q3,12,Morning
1.95,15.6,8,United Kingdom,Kitchen,Plates,GINGHAM HEART  DOORSTOP RED,2011,7,Q3,9,Morning
2.1,25.2,12,United Kingdom,Kitchen,Coasters,HAND WARMER BABUSHKA DESIGN,2010,6,Q2,14,Afternoon
5.79,5.79,1,United Kingdom,Kitchen,Scales,PAPER CHAIN KIT RETROSPOT,2011,9,Q3,16,Afternoon
2.08,8.32,4,United Kingdom,Kitchen,Cooking Knives,JUMBO BAG SCANDINAVIAN BLUE PAISLEY,2011,9,Q3,15,Afternoon
3.75,15.0,4,United Kingdom,Garden,Rakes,VINTAGE SNAKES & LADDERS,2011,6,Q2,14,Afternoon
1.65,3.3,2,United Kingdom,Household,Curtains,EASTER TIN CHICKS PINK DAISY,2011,2,Q1,15,Afternoon
0.85,8.5,10,United Kingdom,Clothes,Shoes,CHARLOTTE BAG SUKI DESIGN,2011,3,Q1,9,Morning
4.95,59.4,12,United Kingdom,Household,Curtains,HOT WATER BOTTLE KEEP CALM,2011,10,Q4,14,Afternoon
2.25,2.25,1,United Kingdom,Kitchen,Cutlery,ABC TREASURE BOOK BOX,2011,4,Q2,11,Morning
0.83,7.47,9,United Kingdom,Kitchen,Scales,WOODEN TREE CHRISTMAS SCANDINAVIAN,2011,11,Q4,15,Afternoon
0.85,1.7,2,United Kingdom,Household,Lamps,CARD PARTY GAMES,2010,10,Q4,14,Afternoon
8.5,8.5,1,United Kingdom,Household,Curtains,IVORY KITCHEN SCALES,2011,8,Q3,19,Evening
2.95,8.85,3,United Kingdom,Household,Curtains,IVORY PILLAR CANDLE SILVER FLOCK,2010,5,Q2,13,Afternoon
8.29,8.29,1,United Kingdom,Clothes,Shoes,OWL DOORSTOP,2011,10,Q4,15,Afternoon
1.65,9.9,6,United Kingdom,Kitchen,Scales,CHILDREN'S SPACEBOY MUG,2011,3,Q1,15,Afternoon
2.08,2.08,1,United Kingdom,Clothes,Tops,JUMBO BAG ALPHABET,2011,6,Q2,11,Morning
1.45,17.4,12,United Kingdom,Household,Lamps,HOMEMADE JAM SCENTED CANDLES,2011,7,Q3,9,Morning
4.25,12.75,3,United Kingdom,Clothes,Tops,BROWN CHECK CAT DOORSTOP,2011,3,Q1,9,Morning
5.79,5.79,1,United Kingdom,Garden,Seeds,GLASS JAR DIGESTIVE BISCUITS,2011,11,Q4,16,Afternoon
2.08,4.16,2,United Kingdom,Kitchen,Scales,JUMBO BAG DOILEY PATTERNS,2011,7,Q3,16,Afternoon
5.79,52.11,9,United Kingdom,Garden,Hoses,ROSES REGENCY TEACUP AND SAUCER,2011,2,Q1,9,Morning
1.63,1.63,1,United Kingdom,Clothes,Shoes,RETRO MOD TRAY,2011,6,Q2,17,Afternoon
2.08,20.8,10,United Kingdom,Household,Curtains,JUMBO BAG DOLLY GIRL DESIGN,2011,10,Q4,11,Morning
4.25,17.0,4,United Kingdom,Clothes,Shoes,RED RETROSPOT PUDDING BOWL,2010,2,Q1,11,Morning
0.85,0.85,1,United Kingdom,Clothes,Shoes,PACK OF 20 SPACEBOY NAPKINS,2011,10,Q4,11,Morning
0.42,10.5,25,United Kingdom,Household,Rugs,WRAP ENGLISH ROSE,2011,4,Q2,14,Afternoon
1.65,4.95,3,United Kingdom,Household,Rugs,WOOD STAMP SET THANK YOU,2011,1,Q1,15,Afternoon
3.36,23.52,7,United Kingdom,Kitchen,Coasters,CHRISTMAS PUDDING TRINKET POT,2010,6,Q2,10,Morning
2.55,10.2,4,United Kingdom,Household,Rugs,PIGGY BANK RETROSPOT,2011,6,Q2,12,Morning
2.89,5.78,2,United Kingdom,Kitchen,Plates,STORAGE TIN VINTAGE DOILY,2011,9,Q3,15,Afternoon
1.25,1.25,1,United Kingdom,Clothes,Tops,BLUE HARMONICA IN BOX,2011,11,Q4,16,Afternoon
2.46,2.46,1,United Kingdom,Garden,Turf,HEART FILIGREE DOVE  SMALL,2011,2,Q1,9,Morning
3.29,3.29,1,United Kingdom,Garden,Seeds,HEART OF WICKER SMALL,2011,6,Q2,16,Afternoon
4.13,20.65,5,United Kingdom,Garden,Seeds,JUMBO BAG PINK VINTAGE PAISLEY,2011,4,Q2,11,Morning
1.65,6.6,4,United Kingdom,Clothes,Shoes,GARDENERS KNEELING PAD CUP OF TEA,2011,10,Q4,15,Afternoon
0.75,9.0,12,United Kingdom,Clothes,Shoes,ASSORTED COLOURS SILK FAN,2011,2,Q1,13,Afternoon
1.95,1.95,1,United Kingdom,Garden,Turf,3 STRIPEY MICE FELTCRAFT,2011,6,Q2,13,Afternoon
7.95,7.95,1,United Kingdom,Garden,Seeds,DOORMAT FANCY FONT HOME SWEET HOME,2011,2,Q1,11,Morning
1.25,1.25,1,United Kingdom,Garden,Rakes,CLEAR DRAWER KNOB ACRYLIC EDWARDIAN,2011,6,Q2,12,Morning
2.46,7.38,3,United Kingdom,Garden,Turf,HEART FILIGREE DOVE  SMALL,2011,8,Q3,16,Afternoon
0.62,7.44,12,United Kingdom,Household,Rugs,PACK OF 6 LARGE FRUIT STRAWS,2011,10,Q4,8,Morning
4.95,4.95,1,United Kingdom,Clothes,Tops,RETROSPOT HEART HOT WATER BOTTLE,2011,10,Q4,13,Afternoon
2.46,22.14,9,United Kingdom,Household,Curtains,TRADITIONAL MODELLING CLAY,2011,11,Q4,13,Afternoon
4.95,9.9,2,United Kingdom,Clothes,Tops,CHOCOLATE HOT WATER BOTTLE,2011,8,Q3,13,Afternoon
3.75,15.0,4,United Kingdom,Garden,Hoses,SET OF 6 SOLDIER SKITTLES,2011,9,Q3,9,Morning
2.1,6.3,3,United Kingdom,Household,Rugs,HAND WARMER BIRD DESIGN,2011,10,Q4,11,Morning
7.46,7.46,1,United Kingdom,Garden,Turf,GREEN FERN SKETCHBOOK,2011,1,Q1,17,Afternoon
7.95,15.9,2,United Kingdom,Clothes,Tops,SWEETHEART WIRE MAGAZINE RACK,2011,5,Q2,12,Morning
0.29,0.29,1,United Kingdom,Kitchen,Plates,SET/4 BIRD MIRROR MAGNETS,2011,11,Q4,10,Morning
1.65,4.95,3,United Kingdom,Garden,Rakes,LUNCH BAG DOLLY GIRL DESIGN,2011,10,Q4,17,Afternoon
0.65,3.9,6,United Kingdom,Garden,Turf,BLACK CANDELABRA T-LIGHT HOLDER,2011,4,Q2,14,Afternoon
0.42,10.5,25,United Kingdom,Garden,Rakes,BLUE SCANDINAVIAN PAISLEY WRAP,2011,8,Q3,17,Afternoon
1.95,5.85,3,United Kingdom,Clothes,Shoes,DOLLY GIRL LUNCH BOX,2011,7,Q3,10,Morning
1.25,1.25,1,United Kingdom,Clothes,Shoes,GROW A FLYTRAP OR SUNFLOWER IN TIN,2011,11,Q4,14,Afternoon
2.08,20.8,10,United Kingdom,Kitchen,Bowls,JUMBO BAG 50'S CHRISTMAS,2011,12,Q4,12,Morning
3.25,26.0,8,United Kingdom,Kitchen,Plates,CREAM CUPID HEARTS COAT HANGER,2010,5,Q2,13,Afternoon
0.83,0.83,1,United Kingdom,Garden,Turf,GOLD MINI TAPE MEASURE,2011,9,Q3,17,Afternoon
1.63,1.63,1,United Kingdom,Garden,Hoses,PORCELAIN ROSE SMALL,2011,10,Q4,12,Morning
4.95,29.7,6,United Kingdom,Clothes,Hats,SPOTTY BUNTING,2011,5,Q2,17,Afternoon
1.25,7.5,6,United Kingdom,Garden,Rakes,ROMANTIC PINKS RIBBONS,2011,4,Q2,15,Afternoon
0.79,9.48,12,United Kingdom,Kitchen,Cooking Knives,ASS FLORAL PRINT SPIRIT LEVEL,2011,10,Q4,12,Morning
1.25,3.75,3,United Kingdom,Kitchen,Bowls,TRADITIONAL WOODEN CATCH CUP GAME,2011,2,Q1,14,Afternoon
3.29,3.29,1,United Kingdom,Clothes,Shoes,JAM MAKING SET PRINTED,2011,7,Q3,15,Afternoon
3.75,3.75,1,United Kingdom,Kitchen,Coasters,ALARM CLOCK BAKELIKE RED,2010,12,Q4,12,Morning
1.25,3.75,3,United Kingdom,Household,Curtains,UNION JACK FLAG LUGGAGE TAG,2011,9,Q3,17,Afternoon
1.25,15.0,12,United Kingdom,Clothes,Tops,POCKET BAG BLUE PAISLEY RED SPOT,2011,9,Q3,15,Afternoon
1.45,2.9,2,United Kingdom,Garden,Turf,PANTRY MAGNETIC  SHOPPING LIST,2011,2,Q1,14,Afternoon
2.46,4.92,2,United Kingdom,Kitchen,Plates,SKULLS WRITING SET,2011,1,Q1,14,Afternoon
4.95,9.9,2,United Kingdom,Household,Rugs,GINGHAM RECIPE BOOK BOX,2011,10,Q4,16,Afternoon
4.13,4.13,1,United Kingdom,Clothes,Shoes,SET OF 5 LUCKY CAT MAGNETS,2011,7,Q3,12,Morning
2.08,24.96,12,United Kingdom,Clothes,Hats,BICYCLE PUNCTURE REPAIR KIT,2011,7,Q3,12,Morning
2.46,2.46,1,United Kingdom,Clothes,Tops,ROLL WRAP VINTAGE SPOT,2011,2,Q1,16,Afternoon
0.55,13.2,24,United Kingdom,Garden,Seeds,72 SWEETHEART FAIRY CAKE CASES,2011,4,Q2,8,Morning
1.45,34.8,24,United Kingdom,Kitchen,Plates,JAM MAKING SET PRINTED,2011,2,Q1,12,Morning
2.95,35.4,12,United Kingdom,Clothes,Shoes,NATURAL SLATE HEART CHALKBOARD,2011,8,Q3,15,Afternoon
0.85,2.55,3,United Kingdom,Clothes,Tops,CHRISTMAS RETROSPOT TREE WOOD,2011,11,Q4,13,Afternoon
1.65,1.65,1,United Kingdom,Garden,Seeds,PLASTERS IN TIN CIRCUS PARADE,2011,3,Q1,12,Morning
0.42,10.5,25,United Kingdom,Household,Curtains,WRAP SUKI AND FRIENDS,2011,11,Q4,9,Morning
2.95,2.95,1,United Kingdom,Clothes,Tops,RECIPE BOX RETROSPOT,2011,3,Q1,20,Evening
4.25,4.25,1,United Kingdom,Garden,Turf,BOX OF 6 ASSORTED COLOUR TEASPOONS,2011,4,Q2,10,Morning
2.08,20.8,10,United Kingdom,Household,Chairs,JUMBO  BAG BAROQUE BLACK WHITE,2011,7,Q3,14,Afternoon
1.25,15.0,12,United Kingdom,Household,Curtains,HOME SWEET HOME MUG,2011,3,Q1,12,Morning
0.39,9.36,24,United Kingdom,Household,Rugs,MOODY GIRL DOOR HANGER,2011,9,Q3,14,Afternoon
4.13,4.13,1,United Kingdom,Household,Curtains,JUMBO SHOPPER VINTAGE RED PAISLEY,2011,4,Q2,10,Morning
4.95,14.85,3,United Kingdom,Kitchen,Cutlery,EMPIRE UNION JACK TV DINNER TRAY,2011,8,Q3,9,Morning
2.95,11.8,4,United Kingdom,Household,Lamps,PHOTO FRAME CORNICE,2011,8,Q3,13,Afternoon
0.83,0.83,1,United Kingdom,Household,Chairs,TOILET SIGN OCCUPIED OR VACANT,2011,11,Q4,14,Afternoon
1.25,7.5,6,United Kingdom,Clothes,Tops,RETRO COFFEE MUGS ASSORTED,2011,1,Q1,12,Morning
0.79,3.16,4,United Kingdom,Household,Lamps,SET OF 4 NAPKIN CHARMS CROWNS,2011,6,Q2,10,Morning
1.65,19.8,12,United Kingdom,Kitchen,Scales,HEART FILIGREE DOVE LARGE,2011,10,Q4,10,Morning
0.83,1.66,2,United Kingdom,Household,Lamps,SCOTTIE DOGS BABY BIB,2011,7,Q3,16,Afternoon
2.49,4.98,2,United Kingdom,Household,Curtains,BOX OF 6 MINI VINTAGE CRACKERS,2011,11,Q4,16,Afternoon
5.95,17.85,3,United Kingdom,Garden,Seeds,BLACK/BLUE POLKADOT UMBRELLA,2011,6,Q2,12,Morning
4.95,39.6,8,United Kingdom,Kitchen,Plates,PARTY BUNTING,2011,6,Q2,13,Afternoon
1.66,6.64,4,United Kingdom,Household,Lamps,SMALL HEART MEASURING SPOONS,2010,12,Q4,15,Afternoon
7.46,29.84,4,United Kingdom,Clothes,Shoes,SET 6 SCHOOL MILK BOTTLES IN CRATE,2011,7,Q3,10,Morning
3.29,3.29,1,United Kingdom,Garden,Seeds,CERAMIC CHERRY CAKE MONEY BANK,2011,11,Q4,16,Afternoon
0.42,0.84,2,United Kingdom,Clothes,Shoes,CARD SUKI BIRTHDAY,2011,8,Q3,18,Afternoon
0.55,1.1,2,United Kingdom,Household,Curtains,SET OF 60 I LOVE LONDON CAKE CASES,2011,1,Q1,12,Morning
4.95,4.95,1,United Kingdom,Kitchen,Scales,CHOCOLATE HOT WATER BOTTLE,2010,1,Q1,11,Morning
1.25,2.5,2,United Kingdom,Garden,Turf,MODERN FLORAL STATIONERY SET,2011,2,Q1,13,Afternoon
1.65,16.5,10,United Kingdom,Household,Lamps,LUNCH BAG PINK POLKADOT,2011,3,Q1,15,Afternoon
4.25,8.5,2,United Kingdom,Kitchen,Plates,SET3 BOOK BOX GREEN GINGHAM FLOWER,2011,6,Q2,15,Afternoon
1.63,1.63,1,United Kingdom,Household,Curtains,VINTAGE SNAP CARDS,2011,3,Q1,16,Afternoon
2.46,2.46,1,United Kingdom,Household,Rugs,CIRCUS PARADE CHILDRENS EGG CUP,2011,6,Q2,15,Afternoon
1.45,1.45,1,United Kingdom,Clothes,Shoes,SKETCHBOOK MAGNETIC SHOPPING LIST,2011,11,Q4,12,Morning
0.85,10.2,12,United Kingdom,Clothes,Shoes,EASTER DECORATION SITTING BUNNY,2011,9,Q3,12,Morning
7.95,31.8,4,United Kingdom,Kitchen,Scales,15CM CHRISTMAS GLASS BALL 20 LIGHTS,2011,8,Q3,13,Afternoon
4.13,4.13,1,United Kingdom,Clothes,Tops,RED GINGHAM ROSE JEWELLERY BOX,2011,11,Q4,15,Afternoon
1.25,1.25,1,United Kingdom,Clothes,Tops,CHOCOLATE BOX RIBBONS,2011,6,Q2,11,Morning
1.45,1.45,1,United Kingdom,Garden,Seeds,VINTAGE LEAF MAGNETIC NOTEPAD,2011,11,Q4,11,Morning
4.95,4.95,1,United Kingdom,Kitchen,Bowls,APRON APPLE DELIGHT,2011,7,Q3,12,Morning
0.85,10.2,12,United Kingdom,Garden,Turf,SANDALWOOD FAN,2011,6,Q2,15,Afternoon
0.85,5.95,7,United Kingdom,Kitchen,Bowls,SET OF 6 3D KIT CARDS FOR KIDS,2011,11,Q4,12,Morning
2.55,15.3,6,United Kingdom,Kitchen,Plates,GLITTER BUTTERFLY CLIPS,2011,11,Q4,14,Afternoon
1.65,16.5,10,United Kingdom,Garden,Seeds,RIBBON REEL FLORA + FAUNA,2011,10,Q4,15,Afternoon
4.95,44.55,9,United Kingdom,Kitchen,Cooking Knives,CHOCOLATE HOT WATER BOTTLE,2011,10,Q4,9,Morning
4.95,29.7,6,United Kingdom,Clothes,Hats,CHOCOLATE HOT WATER BOTTLE,2011,1,Q1,13,Afternoon
3.75,15.0,4,United Kingdom,Kitchen,Scales,FELTCRAFT PRINCESS OLIVIA DOLL,2011,9,Q3,12,Morning
1.25,25.0,20,United Kingdom,Garden,Hoses,RED SPOT GIFT BAG LARGE,2011,2,Q1,9,Morning
0.79,15.8,20,United Kingdom,Household,Chairs,3 RAFFIA RIBBONS VINTAGE CHRISTMAS,2011,11,Q4,13,Afternoon
0.38,1.52,4,United Kingdom,Household,Lamps,FOLK ART METAL HEART T-LIGHT HOLDER,2011,11,Q4,14,Afternoon
1.65,19.8,12,United Kingdom,Household,Curtains,CANDLE HOLDER SILVER MADELINE,2011,11,Q4,13,Afternoon
1.65,3.3,2,United Kingdom,Garden,Rakes,PLASTERS IN TIN SPACEBOY,2011,7,Q3,11,Morning
0.55,1.65,3,United Kingdom,Clothes,Shoes,SET OF 60 I LOVE LONDON CAKE CASES,2011,7,Q3,11,Morning
0.42,0.84,2,United Kingdom,Kitchen,Cutlery,SET 12 RETRO WHITE CHALK STICKS,2011,11,Q4,12,Morning
2.08,20.8,10,United Kingdom,Clothes,Hats,JUMBO STORAGE BAG SKULLS,2011,9,Q3,10,Morning
2.95,17.7,6,United Kingdom,Kitchen,Bowls,RED RETROSPOT MUG,2011,6,Q2,9,Morning
1.63,4.89,3,United Kingdom,Clothes,Shoes,CHARLOTTE BAG APPLES DESIGN,2011,9,Q3,15,Afternoon
2.51,2.51,1,United Kingdom,Garden,Turf,4 VANILLA BOTANICAL CANDLES,2011,11,Q4,13,Afternoon
2.08,4.16,2,United Kingdom,Household,Rugs,SET OF 5 PANCAKE DAY MAGNETS,2011,7,Q3,13,Afternoon
2.55,2.55,1,United Kingdom,Household,Curtains,GUMBALL COAT RACK,2010,12,Q4,13,Afternoon
9.95,9.95,1,United Kingdom,Kitchen,Cutlery,CAKES AND BOWS GIFT  TAPE,2011,8,Q3,15,Afternoon
1.65,19.8,12,United Kingdom,Clothes,Tops,HAND WARMER OWL DESIGN,2011,9,Q3,15,Afternoon
2.55,81.6,32,United Kingdom,Garden,Hoses,EGG CUP HENRIETTA HEN CREAM,2011,11,Q4,8,Morning
8.29,8.29,1,United Kingdom,Garden,Hoses,CHARLOTTE BAG VINTAGE ALPHABET,2011,11,Q4,15,Afternoon
5.79,34.74,6,United Kingdom,Garden,Seeds,HAND WARMER OWL DESIGN,2011,9,Q3,12,Morning
1.45,1.45,1,United Kingdom,Clothes,Shoes,CHILDS BREAKFAST SET CIRCUS PARADE,2011,5,Q2,11,Morning
2.08,4.16,2,United Kingdom,Household,Lamps,MINI PAINT SET VINTAGE,2011,8,Q3,15,Afternoon
3.75,22.5,6,United Kingdom,Kitchen,Bowls,ASSORTED COLOUR MINI CASES,2011,8,Q3,16,Afternoon
1.69,13.52,8,United Kingdom,Household,Rugs,RETROSPOT TEA SET CERAMIC 11 PC,2011,4,Q2,12,Morning
1.25,2.5,2,United Kingdom,Clothes,Shoes,WRAP DOILEY DESIGN,2011,5,Q2,13,Afternoon
3.75,11.25,3,United Kingdom,Kitchen,Plates,MAGNETS PACK OF 4 HOME SWEET HOME,2011,11,Q4,12,Morning
0.42,0.84,2,United Kingdom,Garden,Turf,LUNCH BOX WITH CUTLERY RETROSPOT,2011,2,Q1,9,Morning
4.96,9.92,2,United Kingdom,Clothes,Tops,ASSORTED COLOURS SILK FAN,2011,11,Q4,14,Afternoon
4.24,4.24,1,United Kingdom,Garden,Hoses,SET/6 RED SPOTTY PAPER PLATES,2010,9,Q3,14,Afternoon
1.65,19.8,12,United Kingdom,Clothes,Shoes,METAL DECORATION NAUGHTY CHILDREN,2011,10,Q4,12,Morning
2.1,2.1,1,United Kingdom,Household,Chairs,PLASTERS IN TIN STRONGMAN,2011,11,Q4,14,Afternoon
4.96,19.84,4,United Kingdom,Household,Rugs,LUNCH BAG DOILEY PATTERN,2011,5,Q2,14,Afternoon
3.75,22.5,6,United Kingdom,Garden,Turf,DOORMAT WELCOME TO OUR HOME,2011,5,Q2,10,Morning
7.95,15.9,2,United Kingdom,Garden,Hoses,WRAP VINTAGE PETALS  DESIGN,2011,1,Q1,12,Morning
0.85,8.5,10,United Kingdom,Garden,Turf,WOODLAND CHARLOTTE BAG,2011,10,Q4,12,Morning
1.65,39.6,24,United Kingdom,Household,Chairs,POSTAGE,2011,11,Q4,9,Morning
1.25,12.5,10,United Kingdom,Household,Rugs,GREEN REGENCY TEACUP AND SAUCER,2011,7,Q3,10,Morning
4.95,4.95,1,United Kingdom,Kitchen,Scales,WRAP GREEN PEARS,2011,9,Q3,14,Afternoon
0.85,1.7,2,United Kingdom,Household,Lamps,SPACEBOY ROCKET LOLLY MAKERS,2011,7,Q3,11,Morning
2.95,2.95,1,United Kingdom,Kitchen,Plates,WRAP DOLLY GIRL,2011,11,Q4,12,Morning
6.63,79.56,12,United Kingdom,Garden,Hoses,SET OF 6 HERB TINS SKETCHBOOK,2011,11,Q4,13,Afternoon
1.65,19.8,12,United Kingdom,Kitchen,Cutlery,200 RED + WHITE BENDY STRAWS,2011,10,Q4,10,Morning
0.42,1.68,4,United Kingdom,Household,Curtains,ENAMEL WATERING CAN CREAM,2011,2,Q1,11,Morning
1.45,1.45,1,United Kingdom,Clothes,Hats,PINK HAPPY BIRTHDAY BUNTING,2011,9,Q3,10,Morning
1.25,1.25,1,United Kingdom,Clothes,Tops,PACK OF 6 SKULL PAPER PLATES,2011,8,Q3,17,Afternoon
5.95,35.7,6,United Kingdom,Garden,Seeds,HEART OF WICKER SMALL,2011,6,Q2,11,Morning
1.66,3.32,2,United Kingdom,Clothes,Tops,DOORMAT WELCOME TO OUR HOME,2010,12,Q4,10,Morning
8.25,16.5,2,United Kingdom,Kitchen,Cutlery,JUMBO BAG PINK VINTAGE PAISLEY,2011,11,Q4,10,Morning
2.95,2.95,1,United Kingdom,Garden,Hoses,3D CHRISTMAS STAMPS STICKERS,2011,6,Q2,12,Morning
2.08,20.8,10,United Kingdom,Household,Curtains,TREASURE TIN BUFFALO BILL,2011,5,Q2,13,Afternoon
4.96,4.96,1,United Kingdom,Household,Lamps,BLUE SPOT CERAMIC DRAWER KNOB,2011,1,Q1,17,Afternoon
1.25,25.0,20,United Kingdom,Kitchen,Cutlery,CHILDRENS APRON APPLES DESIGN,2011,5,Q2,12,Morning
1.66,1.66,1,United Kingdom,Clothes,Shoes,DOORMAT AIRMAIL,2011,5,Q2,16,Afternoon
2.95,2.95,1,United Kingdom,Garden,Seeds,DOLLY GIRL MINI BACKPACK,2011,2,Q1,14,Afternoon
3.75,15.0,4,United Kingdom,Garden,Turf,HEART WREATH DECORATION WITH BELL,2011,8,Q3,14,Afternoon
2.95,35.4,12,United Kingdom,Kitchen,Plates,APRON APPLE DELIGHT,2011,2,Q1,14,Afternoon
0.29,1.45,5,United Kingdom,Kitchen,Plates,STRAWBERRY LUNCH BOX WITH CUTLERY,2011,11,Q4,16,Afternoon
4.13,16.52,4,United Kingdom,Garden,Turf,TRADITIONAL KNITTING NANCY,2011,3,Q1,16,Afternoon
5.75,23.0,4,United Kingdom,Clothes,Shoes,JUMBO BAG VINTAGE DOILY,2011,8,Q3,14,Afternoon
9.95,39.8,4,United Kingdom,Clothes,Hats,RAIN PONCHO RETROSPOT,2011,9,Q3,11,Morning
0.29,1.74,6,United Kingdom,Household,Curtains,LARGE CHINESE STYLE SCISSOR,2011,11,Q4,15,Afternoon
2.95,35.4,12,United Kingdom,Kitchen,Scales,PINK AND WHITE CHRISTMAS TREE 120CM,2011,9,Q3,13,Afternoon
5.79,5.79,1,United Kingdom,Garden,Rakes,FAIRY CAKE BIRTHDAY CANDLE SET,2011,2,Q1,18,Afternoon
1.65,13.2,8,United Kingdom,Garden,Rakes,MINI LIGHTS WOODLAND MUSHROOMS,2010,9,Q3,14,Afternoon
4.25,4.25,1,United Kingdom,Kitchen,Plates,PACK 3 BOXES BIRD PANNETONE,2011,3,Q1,13,Afternoon
1.45,34.8,24,United Kingdom,Garden,Turf,REGENCY CAKESTAND 3 TIER,2011,7,Q3,10,Morning
2.55,7.65,3,United Kingdom,Clothes,Tops,REGENCY CAKESTAND 3 TIER,2011,8,Q3,11,Morning
1.63,1.63,1,United Kingdom,Kitchen,Bowls,MULTICOLOUR HONEYCOMB FAN,2011,10,Q4,16,Afternoon
4.13,4.13,1,United Kingdom,Garden,Hoses,RED RETROSPOT CAKE STAND,2011,4,Q2,9,Morning
3.95,15.8,4,United Kingdom,Kitchen,Cooking Knives,PACK OF 12 WOODLAND TISSUES,2011,1,Q1,12,Morning
3.29,6.58,2,United Kingdom,Kitchen,Scales,PACK OF 6 PANNETONE GIFT BOXES,2011,2,Q1,9,Morning
0.39,1.17,3,United Kingdom,Clothes,Tops,SET/6 RED SPOTTY PAPER CUPS,2011,11,Q4,13,Afternoon
0.29,6.38,22,United Kingdom,Kitchen,Scales,RED BABY BUNTING,2011,11,Q4,15,Afternoon
0.55,0.55,1,United Kingdom,Household,Lamps,COFFEE MUG PEARS  DESIGN,2011,8,Q3,14,Afternoon
0.83,5.81,7,United Kingdom,Household,Lamps,HOLIDAY FUN LUDO,2011,8,Q3,9,Morning
2.1,14.7,7,United Kingdom,Clothes,Hats,TRADITIONAL PICK UP STICKS GAME,2011,6,Q2,17,Afternoon
1.25,15.0,12,United Kingdom,Garden,Seeds,SET OF 60 I LOVE LONDON CAKE CASES,2011,9,Q3,12,Morning
1.25,30.0,24,United Kingdom,Kitchen,Cooking Knives,WOODEN TREE CHRISTMAS SCANDINAVIAN,2011,1,Q1,14,Afternoon
5.06,10.12,2,United Kingdom,Clothes,Hats,BREAD BIN DINER STYLE PINK,2010,7,Q3,15,Afternoon
2.1,12.6,6,United Kingdom,Kitchen,Scales,SET 2 PANTRY DESIGN TEA TOWELS,2011,9,Q3,10,Morning
2.08,20.8,10,United Kingdom,Clothes,Tops,SPACEBOY TV DINNER TRAY,2011,11,Q4,11,Morning
0.19,0.38,2,United Kingdom,Clothes,Tops,EMBROIDERED RIBBON REEL DAISY,2011,11,Q4,14,Afternoon
2.95,17.7,6,United Kingdom,Garden,Rakes,KIDS RAIN MAC BLUE,2010,1,Q1,12,Morning
2.25,2.25,1,United Kingdom,Clothes,Shoes,POSTAGE,2011,5,Q2,16,Afternoon
8.29,8.29,1,United Kingdom,Clothes,Shoes,WHITE SPOT RED CERAMIC DRAWER KNOB,2011,1,Q1,15,Afternoon
4.96,69.44,14,United Kingdom,Household,Chairs,CHILDS BREAKFAST SET DOLLY GIRL,2011,3,Q1,9,Morning
5.79,11.58,2,United Kingdom,Kitchen,Bowls,LUNCH BAG WOODLAND,2011,3,Q1,16,Afternoon
2.51,2.51,1,United Kingdom,Garden,Rakes,LUNCH BAG APPLE DESIGN,2011,7,Q3,13,Afternoon
4.95,4.95,1,United Kingdom,Garden,Seeds,PLASTERS IN TIN STRONGMAN,2010,10,Q4,11,Morning
1.25,1.25,1,United Kingdom,Kitchen,Coasters,LIGHT GARLAND BUTTERFILES PINK,2011,11,Q4,15,Afternoon
1.25,7.5,6,United Kingdom,Kitchen,Coasters,CLOTHES PEGS RETROSPOT PACK 24,2010,12,Q4,17,Afternoon
1.65,19.8,12,United Kingdom,Kitchen,Coasters,SET/6 RED SPOTTY PAPER PLATES,2011,11,Q4,17,Afternoon
0.85,2.55,3,United Kingdom,Household,Chairs,CHILDS BREAKFAST SET SPACEBOY,2011,11,Q4,11,Morning
0.42,5.04,12,United Kingdom,Household,Lamps,ROLL WRAP VINTAGE CHRISTMAS,2011,11,Q4,14,Afternoon
5.95,11.9,2,United Kingdom,Kitchen,Cooking Knives,RETROSPOT HEART HOT WATER BOTTLE,2011,3,Q1,8,Morning
4.95,4.95,1,United Kingdom,Garden,Turf,SET OF 72 RETROSPOT PAPER  DOILIES,2011,5,Q2,15,Afternoon
0.42,10.08,24,United Kingdom,Household,Chairs,JAM MAKING SET PRINTED,2011,9,Q3,12,Morning
4.15,4.15,1,United Kingdom,Household,Lamps,SET OF 5 PANCAKE DAY MAGNETS,2011,9,Q3,12,Morning
0.55,13.2,24,United Kingdom,Garden,Hoses,CLOTHES PEGS RETROSPOT PACK 24,2011,1,Q1,12,Morning
0.85,3.4,4,United Kingdom,Clothes,Shoes,RED RETROSPOT CAKE STAND,2011,10,Q4,13,Afternoon
0.39,9.36,24,United Kingdom,Clothes,Hats,RED KUKUI COCONUT SEED NECKLACE,2011,10,Q4,14,Afternoon
4.95,39.6,8,United Kingdom,Kitchen,Bowls,POSTAGE,2011,6,Q2,11,Morning
0.42,5.04,12,United Kingdom,Garden,Turf,HOME SWEET HOME METAL SIGN,2011,11,Q4,12,Morning
1.25,7.5,6,United Kingdom,Clothes,Shoes,METAL 4 HOOK HANGER FRENCH CHATEAU,2011,4,Q2,13,Afternoon
1.25,3.75,3,United Kingdom,Garden,Seeds,GIFT BAG PSYCHEDELIC APPLES,2011,11,Q4,15,Afternoon
2.95,17.7,6,United Kingdom,Household,Lamps,ASS FLORAL PRINT MULTI SCREWDRIVER,2011,7,Q3,9,Morning
0.83,1.66,2,United Kingdom,Garden,Rakes,ZINC WILLIE WINKIE  CANDLE STICK,2011,6,Q2,15,Afternoon
0.65,7.8,12,Germany,Garden,Hoses,PACK OF 72 RETROSPOT CAKE CASES,2011,1,Q1,9,Morning
2.1,25.2,12,Germany,Clothes,Hats,HEART WOODEN CHRISTMAS DECORATION,2011,10,Q4,15,Afternoon
1.25,15.0,12,Germany,Kitchen,Plates,SET/10 PINK POLKADOT PARTY CANDLES,2011,11,Q4,13,Afternoon
0.85,8.5,10,Germany,Household,Lamps,STOOL HOME SWEET HOME,2011,5,Q2,13,Afternoon
2.1,50.4,24,Germany,Household,Rugs,MAGIC DRAWING SLATE DOLLY GIRL,2011,4,Q2,13,Afternoon
8.5,34.0,4,Germany,Household,Chairs,LUNCH BAG WOODLAND,2011,4,Q2,13,Afternoon
7.95,15.9,2,Germany,Kitchen,Cutlery,SET/6 COLLAGE PAPER CUPS,2011,10,Q4,9,Morning
4.95,14.85,3,Germany,Garden,Rakes,LUNCH BOX WITH CUTLERY RETROSPOT,2011,2,Q1,9,Morning
0.42,10.5,25,Germany,Clothes,Tops,SET OF SALT AND PEPPER TOADSTOOLS,2011,7,Q3,14,Afternoon
0.39,4.68,12,Germany,Household,Curtains,EDWARDIAN PARASOL BLACK,2011,10,Q4,8,Morning
0.85,10.2,12,Germany,Clothes,Hats,PAPER CHAIN KIT 50'S CHRISTMAS,2011,7,Q3,10,Morning
0.85,20.4,24,Germany,Kitchen,Scales,MAGNETS PACK OF 4 HOME SWEET HOME,2010,12,Q4,12,Morning
1.65,19.8,12,Germany,Garden,Rakes,LONDON BUS COFFEE MUG,2011,8,Q3,8,Morning
1.65,33.0,20,Germany,Garden,Rakes,SET OF 6 T-LIGHTS CACTI,2011,6,Q2,10,Morning
5.95,35.7,6,Germany,Garden,Seeds,ROMANTIC IMAGES GIFT WRAP SET,2011,11,Q4,13,Afternoon
7.95,15.9,2,Germany,Kitchen,Cutlery,PLASTERS IN TIN SPACEBOY,2011,4,Q2,14,Afternoon
0.42,10.5,25,Germany,Garden,Rakes,LUNCH BAG PAISLEY PARK,2011,3,Q1,13,Afternoon
0.85,17.0,20,Germany,Kitchen,Plates,WOODEN SKITTLES GARDEN SET,2011,11,Q4,13,Afternoon
2.95,17.7,6,Germany,Household,Curtains,SET OF 6 SNACK LOAF BAKING CASES,2011,8,Q3,15,Afternoon
0.42,10.5,25,Germany,Household,Lamps,FELTCRAFT CUSHION OWL,2011,8,Q3,11,Morning
2.08,37.44,18,Germany,Household,Chairs,PINK PARTY BAGS,2011,11,Q4,13,Afternoon
0.42,10.5,25,Germany,Garden,Rakes,SET/10 RED POLKADOT PARTY CANDLES,2011,11,Q4,11,Morning
1.25,15.0,12,Germany,Garden,Hoses,SET 2 TEA TOWELS I LOVE LONDON,2011,7,Q3,8,Morning
4.95,19.8,4,Germany,Household,Chairs,CHILDRENS APRON SPACEBOY DESIGN,2011,6,Q2,14,Afternoon
5.45,16.35,3,Germany,Clothes,Tops,RED ROCKING HORSE HAND PAINTED,2011,4,Q2,12,Morning
0.85,10.2,12,Germany,Clothes,Shoes,CHARLIE & LOLA WASTEPAPER BIN FLORA,2011,7,Q3,12,Morning
1.65,19.8,12,Germany,Household,Chairs,POSTAGE,2011,1,Q1,10,Morning
7.95,15.9,2,Germany,Clothes,Hats,WRAP DOILEY DESIGN,2011,10,Q4,11,Morning
2.08,20.8,10,Germany,Garden,Rakes,SET OF 12 FAIRY CAKE BAKING CASES,2011,7,Q3,10,Morning
1.25,22.5,18,Germany,Household,Lamps,JAM JAR WITH PINK LID,2011,11,Q4,10,Morning
2.08,12.48,6,Germany,Clothes,Hats,RED TOADSTOOL LED NIGHT LIGHT,2011,6,Q2,10,Morning
1.45,17.4,12,Germany,Clothes,Hats,RETROSPOT TEA SET CERAMIC 11 PC,2011,9,Q3,12,Morning
1.95,15.6,8,Germany,Kitchen,Cutlery,WHITE ROCKING HORSE HAND PAINTED,2010,5,Q2,14,Afternoon
7.95,15.9,2,Germany,Household,Curtains,SET OF 3 REGENCY CAKE TINS,2011,10,Q4,9,Morning
4.15,16.6,4,Germany,Kitchen,Cutlery,STRAWBERRY CHARLOTTE BAG,2011,10,Q4,14,Afternoon
1.25,15.0,12,Germany,Garden,Rakes,SOLDIERS EGG CUP,2011,7,Q3,10,Morning
4.95,19.8,4,Germany,Clothes,Hats,QUEENS GUARD COFFEE MUG,2011,5,Q2,10,Morning
2.55,15.3,6,Germany,Kitchen,Cooking Knives,SET/20 RED RETROSPOT PAPER NAPKINS,2011,6,Q2,14,Afternoon
2.95,17.7,6,Germany,Household,Curtains,BLUE POLKADOT WRAP,2011,7,Q3,12,Morning
1.65,19.8,12,Germany,Garden,Hoses,CHILDRENS APRON APPLES DESIGN,2011,10,Q4,12,Morning
2.08,20.8,10,Germany,Clothes,Tops,12 PENCILS SMALL TUBE SKULL,2011,11,Q4,13,Afternoon
0.85,20.4,24,Germany,Kitchen,Cutlery,BLUE ROSE FABRIC MIRROR,2011,1,Q1,13,Afternoon
0.85,8.5,10,Germany,Kitchen,Plates,RIBBON REEL LACE DESIGN,2011,10,Q4,15,Afternoon
2.95,17.7,6,Germany,Garden,Seeds,CHILDRENS APRON APPLES DESIGN,2011,9,Q3,15,Afternoon
3.75,30.0,8,Germany,Garden,Turf,RABBIT NIGHT LIGHT,2011,1,Q1,13,Afternoon
3.75,15.0,4,Germany,Household,Lamps,SPACEBOY MINI BACKPACK,2011,11,Q4,17,Afternoon
1.95,23.4,12,Germany,Household,Curtains,POSTAGE,2011,1,Q1,10,Morning
0.39,4.68,12,Germany,Household,Rugs,PINK BABY BUNTING,2011,8,Q3,11,Morning
0.29,6.96,24,Germany,Kitchen,Coasters,PINK FAIRY CAKE CHILDRENS APRON,2011,4,Q2,12,Morning
2.55,15.3,6,Germany,Garden,Seeds,PACK OF 60 MUSHROOM CAKE CASES,2011,1,Q1,10,Morning
1.45,17.4,12,Germany,Clothes,Hats,WOODLAND PARTY BAG + STICKER SET,2011,2,Q1,9,Morning
0.65,7.8,12,Germany,Kitchen,Scales,POSTAGE,2011,8,Q3,9,Morning
2.95,14.75,5,Germany,Garden,Turf,PANTRY MAGNETIC  SHOPPING LIST,2011,7,Q3,14,Afternoon
2.55,30.6,12,Germany,Household,Chairs,COFFEE MUG CAT + BIRD DESIGN,2011,2,Q1,13,Afternoon
3.75,15.0,4,Germany,Kitchen,Cooking Knives,MINI JIGSAW SPACEBOY,2011,3,Q1,13,Afternoon
4.95,44.55,9,Germany,Clothes,Shoes,LUNCH BAG SPACEBOY DESIGN,2011,9,Q3,15,Afternoon
2.95,17.7,6,Germany,Garden,Hoses,SET OF 3 REGENCY CAKE TINS,2011,11,Q4,13,Afternoon
1.25,15.0,12,Germany,Garden,Rakes,12 PENCILS SMALL TUBE SKULL,2011,8,Q3,11,Morning
0.55,13.2,24,Germany,Clothes,Hats,RETROSPOT PARTY BAG + STICKER SET,2011,9,Q3,9,Morning
0.85,20.4,24,Germany,Household,Chairs,SET/20 RED RETROSPOT PAPER NAPKINS,2010,5,Q2,14,Afternoon
4.95,14.85,3,Germany,Clothes,Tops,RED TOADSTOOL LED NIGHT LIGHT,2011,9,Q3,13,Afternoon
3.25,19.5,6,Germany,Clothes,Hats,CREAM FELT EASTER EGG BASKET,2011,9,Q3,13,Afternoon
4.95,14.85,3,Germany,Garden,Hoses,TREASURE TIN GYMKHANA DESIGN,2011,7,Q3,10,Morning
2.08,12.48,6,Germany,Household,Rugs,PLASTERS IN TIN STRONGMAN,2011,10,Q4,14,Afternoon
0.85,20.4,24,Germany,Garden,Rakes,WRAP RED VINTAGE DOILY,2011,1,Q1,15,Afternoon
1.25,15.0,12,Germany,Garden,Rakes,REGENCY SUGAR BOWL GREEN,2011,8,Q3,9,Morning
9.95,19.9,2,Germany,Clothes,Tops,SET/6 RED SPOTTY PAPER CUPS,2011,7,Q3,12,Morning
1.65,16.5,10,Germany,Clothes,Tops,GROW YOUR OWN PLANT IN A CAN,2011,9,Q3,16,Afternoon
1.65,16.5,10,Germany,Clothes,Hats,CARD DOLLY GIRL,2011,8,Q3,15,Afternoon
1.65,39.6,24,Germany,Clothes,Hats,PINK POLKADOT BOWL,2011,1,Q1,13,Afternoon
4.25,17.0,4,Germany,Clothes,Tops,SPOTTY BUNTING,2011,10,Q4,12,Morning
1.65,19.8,12,Germany,Garden,Seeds,MAGNETS PACK OF 4 SWALLOWS,2011,7,Q3,15,Afternoon
0.85,10.2,12,Germany,Garden,Rakes,CHARLOTTE BAG PINK POLKADOT,2011,3,Q1,15,Afternoon
8.5,68.0,8,Germany,Garden,Hoses,WHITE ROCKING HORSE HAND PAINTED,2011,11,Q4,8,Morning
1.25,15.0,12,Germany,Kitchen,Cutlery,WRAP ALPHABET DESIGN,2011,11,Q4,17,Afternoon
0.42,8.4,20,Germany,Garden,Rakes,RABBIT NIGHT LIGHT,2011,10,Q4,12,Morning
4.95,14.85,3,Germany,Clothes,Hats,POSTAGE,2011,10,Q4,14,Afternoon
1.45,17.4,12,Germany,Clothes,Hats,DOORMAT BLACK FLOCK,2011,11,Q4,10,Morning
2.08,24.96,12,Germany,Clothes,Hats,GYMKHANA TREASURE BOOK BOX,2011,7,Q3,12,Morning
1.65,19.8,12,Germany,Garden,Rakes,SET OF 5 LUCKY CAT MAGNETS,2011,6,Q2,15,Afternoon
1.0,24.0,24,Germany,Clothes,Shoes,RED HEART SHAPE LOVE BUCKET,2011,9,Q3,15,Afternoon
2.95,35.4,12,Germany,Household,Chairs,BASKET OF TOADSTOOLS,2011,4,Q2,13,Afternoon
2.95,23.6,8,Germany,Garden,Rakes,SMALL POPCORN HOLDER,2011,10,Q4,11,Morning
0.65,7.8,12,Germany,Kitchen,Bowls,CARDHOLDER GINGHAM CHRISTMAS TREE,2011,5,Q2,14,Afternoon
0.42,10.08,24,Germany,Kitchen,Bowls,JUMBO STORAGE BAG SUKI,2011,7,Q3,10,Morning
0.85,10.2,12,Germany,Clothes,Tops,5 HOOK HANGER RED MAGIC TOADSTOOL,2011,2,Q1,14,Afternoon
0.55,13.2,24,France,Kitchen,Scales,PINK REGENCY TEACUP AND SAUCER,2011,6,Q2,14,Afternoon
0.85,10.2,12,France,Household,Lamps,WHITE HEART CONFETTI IN TUBE,2011,3,Q1,10,Morning
1.25,30.0,24,France,Household,Lamps,ALARM CLOCK BAKELIKE RED,2010,9,Q3,12,Morning
0.42,10.08,24,France,Kitchen,Cutlery,TRADITIONAL WOODEN SKIPPING ROPE,2011,11,Q4,11,Morning
1.65,16.5,10,France,Garden,Seeds,DOORMAT UNION FLAG,2011,3,Q1,11,Morning
0.42,6.72,16,France,Kitchen,Plates,UNION STRIPE WITH FRINGE  HAMMOCK,2011,9,Q3,14,Afternoon
0.65,7.8,12,France,Garden,Seeds,SPOTTY BUNTING,2011,3,Q1,10,Morning
2.55,30.6,12,France,Household,Lamps,MODERN FLORAL STATIONERY SET,2011,6,Q2,11,Morning
1.25,15.0,12,France,Kitchen,Cutlery,ASSORTED COLOUR MINI CASES,2010,3,Q1,13,Afternoon
5.95,17.85,3,France,Kitchen,Scales,RED SPOTTY BISCUIT TIN,2011,3,Q1,10,Morning
1.25,30.0,24,France,Garden,Seeds,SET OF 6 TEA TIME BAKING CASES,2011,9,Q3,17,Afternoon
2.95,70.8,24,France,Kitchen,Cutlery,DOLLY HONEYCOMB GARLAND,2011,11,Q4,15,Afternoon
2.95,17.7,6,France,Garden,Seeds,VINTAGE CHRISTMAS STOCKING,2011,10,Q4,13,Afternoon
0.39,4.68,12,France,Garden,Hoses,SQUARECUSHION COVER PINK UNION FLAG,2011,11,Q4,15,Afternoon
2.55,7.65,3,France,Garden,Hoses,WRAP ALPHABET DESIGN,2011,10,Q4,16,Afternoon
2.95,53.1,18,France,Household,Curtains,BLUE POLKADOT PLATE,2011,1,Q1,10,Morning
2.1,12.6,6,France,Clothes,Shoes,BLUE CHARLIE+LOLA PERSONAL DOORSIGN,2011,6,Q2,14,Afternoon
1.65,1.65,1,France,Clothes,Tops,MINI PAINT SET VINTAGE,2011,4,Q2,13,Afternoon
1.25,12.5,10,France,Household,Curtains,"SET 3 RETROSPOT TEA,COFFEE,SUGAR",2011,7,Q3,13,Afternoon
0.83,6.64,8,France,Household,Chairs,REGENCY MILK JUG PINK,2011,9,Q3,13,Afternoon
3.75,15.0,4,France,Garden,Seeds,CARD CIRCUS PARADE,2011,4,Q2,9,Morning
2.1,63.0,30,France,Garden,Hoses,REGENCY SUGAR BOWL GREEN,2011,3,Q1,9,Morning
1.25,30.0,24,France,Clothes,Tops,JUMBO BAG SPACEBOY DESIGN,2011,9,Q3,12,Morning
3.25,19.5,6,France,Garden,Hoses,SET 8 CANDLES VINTAGE DOILY,2011,11,Q4,15,Afternoon
3.25,19.5,6,France,Garden,Hoses,REGENCY TEA PLATE PINK,2011,2,Q1,10,Morning
1.95,15.6,8,France,Kitchen,Scales,PAPER BUNTING WHITE LACE,2011,11,Q4,8,Morning
1.25,30.0,24,France,Kitchen,Coasters,RED LOVE HEART SHAPE CUP,2011,3,Q1,10,Morning
1.25,15.0,12,France,Household,Chairs,WRAP ENGLISH ROSE,2011,11,Q4,14,Afternoon
0.42,10.5,25,France,Household,Curtains,JUMBO SHOPPER VINTAGE RED PAISLEY,2011,7,Q3,13,Afternoon
0.85,10.2,12,France,Household,Rugs,HOMEMADE JAM SCENTED CANDLES,2011,4,Q2,11,Morning
1.65,19.8,12,France,Clothes,Hats,CORONA MEXICAN TRAY,2011,10,Q4,13,Afternoon
4.95,14.85,3,France,Garden,Turf,CUSHION COVER PINK UNION JACK,2011,10,Q4,13,Afternoon
1.25,30.0,24,France,Clothes,Tops,LUNCH BAG WOODLAND,2011,11,Q4,15,Afternoon
4.95,19.8,4,France,Kitchen,Plates,COWBOYS AND INDIANS BIRTHDAY CARD,2011,5,Q2,16,Afternoon
0.85,8.5,10,France,Clothes,Hats,GIRAFFE WOODEN RULER,2011,11,Q4,14,Afternoon
1.25,15.0,12,France,Kitchen,Cooking Knives,VINTAGE CHRISTMAS GIFT BAG LARGE,2011,1,Q1,9,Morning
2.55,61.2,24,France,Kitchen,Scales,FELTCRAFT PRINCESS CHARLOTTE DOLL,2011,9,Q3,10,Morning
0.85,10.2,12,France,Garden,Rakes,FAIRY TALE COTTAGE NIGHT LIGHT,2011,8,Q3,10,Morning
0.42,10.5,25,France,Household,Rugs,SET OF 5 PANCAKE DAY MAGNETS,2011,8,Q3,12,Morning
1.95,15.6,8,France,Garden,Turf,SET OF 4 KNICK KNACK TINS LEAVES,2011,3,Q1,13,Afternoon
0.65,15.6,24,France,Clothes,Shoes,HEN HOUSE W CHICK STANDING,2011,10,Q4,12,Morning
1.25,15.0,12,France,Kitchen,Coasters,PACK OF 12 CIRCUS PARADE TISSUES,2011,5,Q2,14,Afternoon
2.1,2.1,1,France,Kitchen,Coasters,YELLOW GIANT GARDEN THERMOMETER,2010,12,Q4,16,Afternoon
1.95,15.6,8,France,Garden,Hoses,BLUE POLKADOT PLATE,2011,1,Q1,9,Morning
1.25,15.0,12,France,Kitchen,Bowls,PINK BUTTERFLY CUSHION COVER,2011,3,Q1,10,Morning
1.65,19.8,12,France,Household,Lamps,BIRDS MOBILE VINTAGE DESIGN,2011,2,Q1,16,Afternoon
2.95,44.25,15,France,Clothes,Hats,DINOSAUR KEYRINGS ASSORTED,2011,1,Q1,9,Morning
0.85,10.2,12,France,Kitchen,Coasters,CHILDRENS CUTLERY SPACEBOY,2011,10,Q4,12,Morning
1.95,15.6,8,France,Household,Chairs,MILK PAN RED RETROSPOT,2011,9,Q3,14,Afternoon
0.55,13.2,24,France,Kitchen,Bowls,PLASTERS IN TIN WOODLAND ANIMALS,2011,8,Q3,12,Morning
1.65,26.4,16,France,Garden,Rakes,FAIRY CAKE BIRTHDAY CANDLE SET,2011,2,Q1,13,Afternoon
1.45,17.4,12,France,Household,Rugs,RECYCLED ACAPULCO MAT PINK,2011,11,Q4,14,Afternoon
2.55,15.3,6,France,Kitchen,Coasters,HOLIDAY FUN LUDO,2011,9,Q3,12,Morning
0.42,10.08,24,France,Garden,Rakes,ASSORTED COLOUR LIZARD SUCTION HOOK,2010,1,Q1,8,Morning
1.65,16.5,10,France,Clothes,Tops,"SET 3 RETROSPOT TEA,COFFEE,SUGAR",2011,9,Q3,9,Morning
4.95,39.6,8,France,Kitchen,Cutlery,GREEN POLKADOT BOWL,2011,8,Q3,12,Morning
1.65,13.2,8,France,Garden,Seeds,RED RETROSPOT CHILDRENS UMBRELLA,2011,3,Q1,15,Afternoon
0.85,10.2,12,France,Clothes,Shoes,PACK OF 60 SPACEBOY CAKE CASES,2011,6,Q2,16,Afternoon
8.25,16.5,2,France,Kitchen,Bowls,ROUND SNACK BOXES SET OF4 WOODLAND,2011,11,Q4,14,Afternoon
3.75,15.0,4,France,Garden,Hoses,12 PENCILS TALL TUBE SKULLS,2011,11,Q4,11,Morning
1.65,19.8,12,France,Garden,Turf,RED RETROSPOT CAKE STAND,2011,1,Q1,10,Morning
1.65,9.9,6,France,Garden,Hoses,ICE CREAM SUNDAE LIP GLOSS,2011,7,Q3,13,Afternoon
2.08,12.48,6,France,Household,Rugs,PINK PARTY BAGS,2011,11,Q4,14,Afternoon
1.65,19.8,12,France,Clothes,Hats,LARGE HEART MEASURING SPOONS,2011,5,Q2,13,Afternoon
0.42,10.5,25,France,Kitchen,Cooking Knives,MINI PAINT SET VINTAGE,2011,9,Q3,10,Morning
4.15,16.6,4,France,Kitchen,Plates,PACK OF 72 SKULL CAKE CASES,2011,5,Q2,13,Afternoon
0.65,7.8,12,France,Kitchen,Scales,SMALL HEART MEASURING SPOONS,2011,1,Q1,10,Morning
1.25,30.0,24,France,Garden,Seeds,CLASSIC FRENCH STYLE BASKET NATURAL,2011,1,Q1,12,Morning
0.42,5.04,12,France,Garden,Hoses,CHILDRENS APRON SPACEBOY DESIGN,2011,8,Q3,16,Afternoon
1.25,10.0,8,France,Clothes,Tops,CHARLOTTE BAG PINK POLKADOT,2011,11,Q4,14,Afternoon
4.95,44.55,9,France,Garden,Seeds,RED RETROSPOT CHARLOTTE BAG,2011,8,Q3,12,Morning
0.39,9.36,24,France,Garden,Hoses,WATERING CAN GREEN DINOSAUR,2011,7,Q3,14,Afternoon
0.85,17.0,20,France,Household,Lamps,LUNCH BAG SPACEBOY DESIGN,2011,1,Q1,11,Morning
1.25,2.5,2,France,Kitchen,Coasters,MEASURING TAPE BABUSHKA BLUE,2011,10,Q4,16,Afternoon
0.42,10.5,25,France,Garden,Turf,POSTAGE,2011,9,Q3,10,Morning
0.85,20.4,24,France,Kitchen,Cooking Knives,LUNCH BAG SPACEBOY DESIGN,2011,1,Q1,10,Morning
8.25,8.25,1,France,Household,Chairs,BLUE 3 PIECE POLKADOT CUTLERY SET,2011,4,Q2,13,Afternoon
2.25,18.0,8,France,Clothes,Shoes,"SET 3 RETROSPOT TEA,COFFEE,SUGAR",2011,8,Q3,10,Morning
2.08,24.96,12,France,Kitchen,Scales,ROUND SNACK BOXES SET OF4 WOODLAND,2011,5,Q2,9,Morning
0.83,9.96,12,France,Clothes,Tops,APPLE BATH SPONGE,2011,10,Q4,15,Afternoon
2.95,17.7,6,France,Garden,Rakes,RECYCLED ACAPULCO MAT GREEN,2011,5,Q2,13,Afternoon
1.25,30.0,24,France,Clothes,Tops,RED RETROSPOT CUP,2011,6,Q2,12,Morning
1.25,15.0,12,France,Household,Lamps,36 PENCILS TUBE WOODLAND,2011,3,Q1,14,Afternoon
0.85,10.2,12,France,Garden,Turf,PACK OF 60 MUSHROOM CAKE CASES,2011,3,Q1,12,Morning
3.25,19.5,6,France,Clothes,Tops,RETROSPOT HEART HOT WATER BOTTLE,2011,11,Q4,10,Morning
2.08,20.8,10,France,Household,Lamps,BLUE POLKADOT CUP,2011,5,Q2,12,Morning
1.65,39.6,24,France,Clothes,Hats,RED RETROSPOT BOWL,2011,1,Q1,14,Afternoon
1.65,16.5,10,France,Garden,Rakes,JUMBO BAG ALPHABET,2011,5,Q2,9,Morning
1.25,30.0,24,France,Garden,Rakes,BROWN CHECK CAT DOORSTOP,2011,11,Q4,10,Morning
0.65,14.3,22,France,Garden,Seeds,GLASS JAR DIGESTIVE BISCUITS,2011,7,Q3,16,Afternoon
4.15,24.9,6,France,Garden,Seeds,JUMBO BAG DOILEY PATTERNS,2011,8,Q3,14,Afternoon
2.95,35.4,12,France,Household,Chairs,ROSES REGENCY TEACUP AND SAUCER,2011,1,Q1,9,Morning
4.15,16.6,4,France,Garden,Seeds,ANTIQUE SILVER TEA GLASS ENGRAVED,2011,11,Q4,11,Morning
4.95,19.8,4,France,Kitchen,Cooking Knives,RETRO MOD TRAY,2011,5,Q2,9,Morning
4.95,39.6,8,France,Garden,Turf,JUMBO BAG DOLLY GIRL DESIGN,2011,3,Q1,10,Morning
0.42,10.08,24,France,Garden,Turf,RED RETROSPOT PUDDING BOWL,2011,10,Q4,12,Morning
2.1,25.2,12,France,Garden,Rakes,PACK OF 20 SPACEBOY NAPKINS,2011,5,Q2,13,Afternoon
4.15,16.6,4,France,Garden,Hoses,DOTCOM POSTAGE,2011,9,Q3,12,Morning
0.85,8.5,10,France,Kitchen,Coasters,WRAP ENGLISH ROSE,2011,1,Q1,11,Morning
0.85,20.4,24,France,Clothes,Shoes,WOOD STAMP SET THANK YOU,2011,6,Q2,16,Afternoon
1.25,15.0,12,France,Garden,Hoses,GREEN POLKADOT BOWL,2011,12,Q4,11,Morning
4.95,14.85,3,France,Garden,Seeds,TOY TIDY SPACEBOY,2011,11,Q4,11,Morning
4.15,33.2,8,France,Kitchen,Bowls,RED RETROSPOT CHILDRENS UMBRELLA,2011,7,Q3,13,Afternoon
2.1,12.6,6,France,Garden,Hoses,PACK OF 60 SPACEBOY CAKE CASES,2011,3,Q1,9,Morning
2.95,17.7,6,France,Clothes,Shoes,ROUND SNACK BOXES SET OF4 WOODLAND,2011,2,Q1,14,Afternoon
1.25,20.0,16,France,Kitchen,Cutlery,RED RETROSPOT CAKE STAND,2011,8,Q3,10,Morning
2.1,25.2,12,France,Kitchen,Coasters,ICE CREAM SUNDAE LIP GLOSS,2011,1,Q1,9,Morning
0.85,20.4,24,France,Kitchen,Cooking Knives,PINK PARTY BAGS,2011,3,Q1,9,Morning
0.42,5.04,12,France,Clothes,Hats,MINI PAINT SET VINTAGE,2011,9,Q3,10,Morning
1.65,4.95,3,France,Kitchen,Coasters,RED RETROSPOT OVEN GLOVE,2011,3,Q1,12,Morning
0.85,8.5,10,France,Kitchen,Cutlery,SMALL HEART MEASURING SPOONS,2011,9,Q3,12,Morning
4.15,33.2,8,France,Kitchen,Cooking Knives,CHILDRENS APRON SPACEBOY DESIGN,2011,6,Q2,11,Morning
5.95,35.7,6,France,Garden,Hoses,CHARLOTTE BAG PINK POLKADOT,2011,1,Q1,13,Afternoon
1.25,30.0,24,France,Garden,Seeds,RED RETROSPOT CHARLOTTE BAG,2011,3,Q1,12,Morning
4.95,14.85,3,France,Clothes,Hats,WATERING CAN GREEN DINOSAUR,2011,3,Q1,12,Morning
0.82,8.2,10,France,Garden,Rakes,LUNCH BAG SPACEBOY DESIGN,2011,9,Q3,10,Morning
0.12,0.36,3,France,Garden,Seeds,MEASURING TAPE BABUSHKA BLUE,2011,4,Q2,13,Afternoon
8.5,17.0,2,France,Kitchen,Scales,SET/2 RED RETROSPOT TEA TOWELS,2011,3,Q1,13,Afternoon
0.83,9.96,12,France,Household,Curtains,MIRRORED WALL ART POPPIES,2011,10,Q4,13,Afternoon
0.42,0.42,1,France,Garden,Turf,LUNCH BAG SPACEBOY DESIGN,2011,3,Q1,12,Morning
1.65,16.5,10,France,Clothes,Tops,"SET 3 RETROSPOT TEA,COFFEE,SUGAR",2011,3,Q1,10,Morning
8.95,44.75,5,France,Household,Lamps,ROUND SNACK BOXES SET OF4 WOODLAND,2011,1,Q1,13,Afternoon
2.55,15.3,6,France,Kitchen,Bowls,RECYCLED ACAPULCO MAT GREEN,2011,4,Q2,11,Morning
1.65,49.5,30,France,Household,Rugs,RED RETROSPOT CUP,2011,11,Q4,11,Morning
0.42,5.04,12,France,Household,Rugs,PACK OF 60 MUSHROOM CAKE CASES,2011,5,Q2,12,Morning
1.25,12.5,10,France,Clothes,Hats,RETROSPOT HEART HOT WATER BOTTLE,2011,8,Q3,14,Afternoon
1.25,10.0,8,France,Household,Curtains,RED RETROSPOT BOWL,2011,4,Q2,10,Morning
0.39,4.68,12,France,Garden,Rakes,JUMBO BAG ALPHABET,2011,11,Q4,12,Morning
2.1,25.2,12,France,Garden,Seeds,HOMEMADE JAM SCENTED CANDLES,2011,1,Q1,10,Morning
2.55,30.6,12,France,Clothes,Tops,BROWN CHECK CAT DOORSTOP,2011,1,Q1,9,Morning
1.25,10.0,8,France,Kitchen,Cutlery,GLASS JAR DIGESTIVE BISCUITS,2011,12,Q4,9,Morning
0.85,20.4,24,France,Clothes,Hats,JUMBO BAG DOILEY PATTERNS,2011,3,Q1,13,Afternoon
2.55,30.6,12,France,Garden,Rakes,ROSES REGENCY TEACUP AND SAUCER,2011,5,Q2,10,Morning
1.25,1.25,1,France,Kitchen,Cutlery,ANTIQUE SILVER TEA GLASS ENGRAVED,2010,12,Q4,16,Afternoon
1.65,16.5,10,France,Household,Lamps,RETRO MOD TRAY,2011,11,Q4,14,Afternoon
7.95,15.9,2,France,Clothes,Hats,JUMBO BAG DOLLY GIRL DESIGN,2011,11,Q4,13,Afternoon
2.08,20.8,10,France,Household,Curtains,RED RETROSPOT PUDDING BOWL,2011,9,Q3,12,Morning
0.85,17.0,20,France,Kitchen,Coasters,PACK OF 20 SPACEBOY NAPKINS,2011,6,Q2,9,Morning
1.25,2.5,2,France,Kitchen,Coasters,DOTCOM POSTAGE,2011,5,Q2,15,Afternoon
1.65,19.8,12,France,Household,Chairs,WRAP ENGLISH ROSE,2011,8,Q3,15,Afternoon
2.08,20.8,10,France,Kitchen,Cutlery,WOOD STAMP SET THANK YOU,2011,5,Q2,13,Afternoon
1.25,15.0,12,France,Kitchen,Scales,GREEN POLKADOT BOWL,2011,5,Q2,14,Afternoon
0.21,5.04,24,France,Garden,Rakes,RED RETROSPOT CHILDRENS UMBRELLA,2011,6,Q2,16,Afternoon
1.65,19.8,12,France,Clothes,Tops,PACK OF 60 SPACEBOY CAKE CASES,2010,9,Q3,14,Afternoon
0.85,10.2,12,France,Household,Lamps,ROUND SNACK BOXES SET OF4 WOODLAND,2010,9,Q3,14,Afternoon
6.75,13.5,2,France,Garden,Rakes,12 PENCILS TALL TUBE SKULLS,2011,11,Q4,15,Afternoon
1.25,10.0,8,France,Household,Curtains,RED RETROSPOT CAKE STAND,2011,11,Q4,15,Afternoon
2.08,20.8,10,France,Garden,Rakes,ICE CREAM SUNDAE LIP GLOSS,2011,11,Q4,11,Morning
6.75,67.5,10,France,Household,Rugs,PINK PARTY BAGS,2011,7,Q3,14,Afternoon
3.75,15.0,4,France,Clothes,Hats,LARGE HEART MEASURING SPOONS,2011,3,Q1,10,Morning
0.65,15.6,24,France,Kitchen,Plates,MINI PAINT SET VINTAGE,2011,11,Q4,12,Morning
4.15,16.6,4,France,Household,Chairs,GYMKHANA TREASURE BOOK BOX,2011,5,Q2,16,Afternoon
0.65,7.8,12,France,Garden,Hoses,RED HEART SHAPE LOVE BUCKET,2011,2,Q1,10,Morning
4.15,16.6,4,France,Household,Lamps,JUNGLE POPSICLES ICE LOLLY MOULDS,2011,5,Q2,12,Morning
3.25,19.5,6,France,Clothes,Tops,BASKET OF TOADSTOOLS,2011,7,Q3,13,Afternoon
0.42,10.5,25,France,Clothes,Hats,CARDHOLDER GINGHAM CHRISTMAS TREE,2011,7,Q3,13,Afternoon
0.42,5.04,12,France,Household,Chairs,JUMBO STORAGE BAG SUKI,2011,11,Q4,15,Afternoon
0.42,8.4,20,France,Clothes,Hats,PINK REGENCY TEACUP AND SAUCER,2011,2,Q1,10,Morning
1.95,46.8,24,France,Household,Lamps,WHITE HEART CONFETTI IN TUBE,2011,6,Q2,14,Afternoon
1.95,19.5,10,France,Garden,Hoses,ALARM CLOCK BAKELIKE RED,2011,9,Q3,10,Morning
3.75,30.0,8,France,Garden,Seeds,LUNCH BAG SUKI  DESIGN,2011,9,Q3,11,Morning
1.65,19.8,12,France,Clothes,Tops,TRADITIONAL WOODEN SKIPPING ROPE,2011,3,Q1,10,Morning
2.55,15.3,6,France,Clothes,Shoes,DOORMAT UNION FLAG,2011,5,Q2,13,Afternoon
1.65,19.8,12,France,Clothes,Shoes,UNION STRIPE WITH FRINGE  HAMMOCK,2011,8,Q3,13,Afternoon
0.85,17.0,20,France,Clothes,Hats,SPOTTY BUNTING,2011,3,Q1,8,Morning
2.95,17.7,6,France,Kitchen,Cooking Knives,MODERN FLORAL STATIONERY SET,2011,5,Q2,15,Afternoon
3.75,15.0,4,France,Clothes,Tops,ASSORTED COLOUR MINI CASES,2011,4,Q2,9,Morning
2.95,17.7,6,France,Kitchen,Plates,RED SPOTTY BISCUIT TIN,2011,12,Q4,15,Afternoon
0.42,5.04,12,France,Garden,Rakes,SET OF 6 TEA TIME BAKING CASES,2011,8,Q3,15,Afternoon
0.39,4.68,12,France,Garden,Turf,VINTAGE CHRISTMAS STOCKING,2011,6,Q2,16,Afternoon
2.95,17.7,6,Australia,Household,Lamps,WRAP ALPHABET DESIGN,2011,7,Q3,12,Morning
1.65,39.6,24,Australia,Garden,Seeds,BLUE POLKADOT PLATE,2011,9,Q3,14,Afternoon
1.65,16.5,10,Australia,Garden,Rakes,FAIRY TALE COTTAGE NIGHT LIGHT,2011,11,Q4,9,Morning
6.75,67.5,10,Australia,Kitchen,Plates,STORAGE TIN VINTAGE DOILY,2011,5,Q2,9,Morning
7.95,15.9,2,Australia,Garden,Rakes,"SET 3 RETROSPOT TEA,COFFEE,SUGAR",2011,9,Q3,12,Morning
4.95,14.85,3,Australia,Clothes,Shoes,REGENCY MILK JUG PINK,2011,9,Q3,12,Morning
7.95,15.9,2,Australia,Household,Lamps,REGENCY SUGAR BOWL GREEN,2011,3,Q1,13,Afternoon
1.65,19.8,12,Australia,Kitchen,Plates,CHILDRENS APRON SPACEBOY DESIGN,2011,9,Q3,12,Morning
2.55,30.6,12,Australia,Clothes,Tops,CHARLOTTE BAG PINK POLKADOT,2011,7,Q3,13,Afternoon
6.75,27.0,4,Australia,Household,Rugs,RED RETROSPOT CHARLOTTE BAG,2011,2,Q1,14,Afternoon
2.89,52.02,18,Australia,Clothes,Hats,MIRRORED WALL ART POPPIES,2011,9,Q3,11,Morning
3.25,13.0,4,Australia,Kitchen,Bowls,BLUE 3 PIECE POLKADOT CUTLERY SET,2011,7,Q3,10,Morning
4.15,16.6,4,Australia,Household,Chairs,ROUND SNACK BOXES SET OF4 WOODLAND,2011,7,Q3,10,Morning
2.08,41.6,20,Australia,Household,Rugs,APPLE BATH SPONGE,2011,6,Q2,9,Morning
2.95,53.1,18,Australia,Garden,Hoses,36 PENCILS TUBE WOODLAND,2011,7,Q3,15,Afternoon
2.08,20.8,10,Australia,Garden,Seeds,RED RETROSPOT BOWL,2011,6,Q2,9,Morning
5.95,47.6,8,Australia,Kitchen,Cutlery,GLASS JAR DIGESTIVE BISCUITS,2011,3,Q1,13,Afternoon
1.65,16.5,10,Australia,Kitchen,Cutlery,JUMBO BAG DOILEY PATTERNS,2011,12,Q4,14,Afternoon
1.95,23.4,12,Australia,Clothes,Tops,RED RETROSPOT PUDDING BOWL,2011,9,Q3,15,Afternoon
2.95,11.8,4,Hong Kong,Clothes,Shoes,PACK OF 60 SPACEBOY CAKE CASES,2011,5,Q2,14,Afternoon
2.95,11.8,4,Hong Kong,Household,Rugs,ROUND SNACK BOXES SET OF4 WOODLAND,2011,5,Q2,14,Afternoon
1.95,11.7,6,Hong Kong,Household,Rugs,12 PENCILS TALL TUBE SKULLS,2011,5,Q2,14,Afternoon
5.95,17.85,3,Hong Kong,Garden,Rakes,RED RETROSPOT CAKE STAND,2011,5,Q2,14,Afternoon
3.75,45.0,12,Hong Kong,Household,Lamps,LARGE HEART MEASURING SPOONS,2011,12,Q4,9,Morning
3.75,15.0,4,Hong Kong,Household,Curtains,RED RETROSPOT OVEN GLOVE,2011,10,Q4,12,Morning
4.95,14.85,3,Hong Kong,Kitchen,Bowls,PACK OF 72 SKULL CAKE CASES,2011,10,Q4,12,Morning
8.25,66.0,8,Hong Kong,Kitchen,Cooking Knives,SMALL HEART MEASURING SPOONS,2011,8,Q3,9,Morning
3.75,15.0,4,Hong Kong,Garden,Hoses,CLASSIC FRENCH STYLE BASKET NATURAL,2011,10,Q4,12,Morning
0.42,10.08,24,Hong Kong,Clothes,Hats,CHILDRENS APRON SPACEBOY DESIGN,2011,10,Q4,12,Morning
4.95,39.6,8,Hong Kong,Clothes,Hats,CHARLOTTE BAG PINK POLKADOT,2011,8,Q3,9,Morning
1.25,20.0,16,Hong Kong,Household,Rugs,RED RETROSPOT CHARLOTTE BAG,2011,8,Q3,9,Morning
2.1,52.5,25,Hong Kong,Clothes,Tops,WATERING CAN GREEN DINOSAUR,2011,1,Q1,14,Afternoon
3.25,19.5,6,Hong Kong,Garden,Turf,LUNCH BAG SPACEBOY DESIGN,2011,1,Q1,14,Afternoon
0.55,13.2,24,Hong Kong,Clothes,Shoes,MEASURING TAPE BABUSHKA BLUE,2011,5,Q2,14,Afternoon
0.85,10.2,12,Hong Kong,Garden,Turf,SET/2 RED RETROSPOT TEA TOWELS,2011,8,Q3,9,Morning
1.25,30.0,24,Hong Kong,Household,Lamps,LUNCH BAG SPACEBOY DESIGN,2011,10,Q4,12,Morning
2.1,12.6,6,Hong Kong,Household,Curtains,BLUE 3 PIECE POLKADOT CUTLERY SET,2011,5,Q2,14,Afternoon
1.65,19.8,12,Hong Kong,Garden,Hoses,"SET 3 RETROSPOT TEA,COFFEE,SUGAR",2011,8,Q3,9,Morning
1.25,12.5,10,Hong Kong,Household,Curtains,RECYCLED ACAPULCO MAT GREEN,2011,8,Q3,9,Morning
0.55,13.2,24,Hong Kong,Garden,Hoses,RED RETROSPOT CUP,2011,5,Q2,14,Afternoon
0.85,10.2,12,Hong Kong,Kitchen,Scales,36 PENCILS TUBE WOODLAND,2011,5,Q2,14,Afternoon
3.95,31.6,8,Hong Kong,Garden,Rakes,PACK OF 60 MUSHROOM CAKE CASES,2011,5,Q2,14,Afternoon
1.95,15.6,8,Hong Kong,Clothes,Shoes,RETROSPOT HEART HOT WATER BOTTLE,2011,12,Q4,9,Morning
0.85,8.5,10,Hong Kong,Kitchen,Coasters,BLUE POLKADOT CUP,2011,5,Q2,14,Afternoon
0.85,8.5,10,Hong Kong,Clothes,Hats,RED RETROSPOT BOWL,2011,5,Q2,14,Afternoon
1.95,11.7,6,Hong Kong,Clothes,Shoes,JUMBO BAG ALPHABET,2011,10,Q4,12,Morning
1.65,16.5,10,Hong Kong,Kitchen,Bowls,HOMEMADE JAM SCENTED CANDLES,2011,5,Q2,14,Afternoon
2.95,53.1,18,Hong Kong,Household,Lamps,BROWN CHECK CAT DOORSTOP,2011,8,Q3,9,Morning
3.25,19.5,6,Hong Kong,Household,Rugs,JUMBO BAG DOILEY PATTERNS,2011,5,Q2,14,Afternoon
2.55,15.3,6,Hong Kong,Garden,Seeds,ROSES REGENCY TEACUP AND SAUCER,2011,5,Q2,14,Afternoon
4.95,19.8,4,Hong Kong,Clothes,Tops,JUMBO BAG DOLLY GIRL DESIGN,2011,1,Q1,14,Afternoon
1.25,12.5,10,Hong Kong,Garden,Hoses,PACK OF 20 SPACEBOY NAPKINS,2011,12,Q4,9,Morning
8.25,66.0,8,Hong Kong,Garden,Hoses,DOTCOM POSTAGE,2011,8,Q3,9,Morning
0.85,27.2,32,Hong Kong,Household,Curtains,WRAP ENGLISH ROSE,2011,5,Q2,14,Afternoon
1.25,20.0,16,Hong Kong,Clothes,Tops,WOOD STAMP SET THANK YOU,2011,8,Q3,9,Morning
0.55,13.2,24,Hong Kong,Garden,Hoses,GREEN POLKADOT BOWL,2011,5,Q2,14,Afternoon
4.95,29.7,6,Hong Kong,Garden,Rakes,TOY TIDY SPACEBOY,2011,8,Q3,9,Morning
0.85,27.2,32,Hong Kong,Kitchen,Cooking Knives,RED RETROSPOT CHILDRENS UMBRELLA,2011,5,Q2,14,Afternoon
1.25,20.0,16,Hong Kong,Clothes,Tops,PACK OF 60 SPACEBOY CAK,2011,8,Q3,9,Morning
